,Date,Open,High,Low,Close,Adj Close,Volume,Vix Open,Vix High,Vix Low,Vix Close
0,2021-05-03,703.7999877929688,706.0,680.5,684.9000244140625,684.9000244140625,27043100,18.649999618530273,19.1200008392334,17.799999237060547,18.309999465942383
1,2021-05-04,678.9400024414062,683.4500122070312,657.7000122070312,673.5999755859375,673.5999755859375,29739300,18.15999984741211,21.850000381469727,18.110000610351562,19.479999542236328
2,2021-05-05,681.0599975585938,685.2999877929688,667.3400268554688,670.9400024414062,670.9400024414062,21901900,18.84000015258789,19.579999923706055,17.889999389648438,19.149999618530273
3,2021-05-06,680.760009765625,681.02001953125,650.0,663.5399780273438,663.5399780273438,27784600,18.40999984741211,20.600000381469727,18.209999084472656,18.389999389648438
4,2021-05-07,665.7999877929688,690.0,660.219970703125,672.3699951171875,672.3699951171875,23469200,18.450000762939453,18.56999969482422,16.68000030517578,16.690000534057617
5,2021-05-10,664.9000244140625,665.0499877929688,627.6099853515625,629.0399780273438,629.0399780273438,31392400,17.34000015258789,19.75,17.06999969482422,19.65999984741211
6,2021-05-11,599.239990234375,627.0999755859375,595.5999755859375,617.2000122070312,617.2000122070312,46503900,21.170000076293945,23.729999542236328,20.709999084472656,21.84000015258789
7,2021-05-12,602.489990234375,620.4099731445312,586.77001953125,589.8900146484375,589.8900146484375,33823600,22.420000076293945,28.3799991607666,21.65999984741211,27.59000015258789
8,2021-05-13,601.5399780273438,606.4600219726562,559.6500244140625,571.6900024414062,571.6900024414062,44184900,26.030000686645508,28.93000030517578,22.229999542236328,23.1299991607666
9,2021-05-14,583.4099731445312,592.8699951171875,570.4600219726562,589.739990234375,589.739990234375,33370900,21.770000457763672,22.100000381469727,18.65999984741211,18.809999465942383
10,2021-05-17,575.5499877929688,589.72998046875,561.2000122070312,576.8300170898438,576.8300170898438,32390400,19.889999389648438,21.579999923706055,19.670000076293945,19.719999313354492
11,2021-05-18,568.0,596.25,563.3800048828125,577.8699951171875,577.8699951171875,36830600,18.889999389648438,21.450000762939453,18.809999465942383,21.34000015258789
12,2021-05-19,552.5499877929688,566.2100219726562,546.97998046875,563.4600219726562,563.4600219726562,39578400,22.459999084472656,25.959999084472656,21.8799991607666,22.18000030517578
13,2021-05-20,575.0,588.8499755859375,571.0700073242188,586.780029296875,586.780029296875,30821100,22.329999923706055,23.5,20.190000534057617,20.670000076293945
14,2021-05-21,596.1099853515625,596.6799926757812,580.0,580.8800048828125,580.8800048828125,26030600,20.420000076293945,20.889999389648438,19.530000686645508,20.149999618530273
15,2021-05-24,581.5999755859375,614.47998046875,573.6500244140625,606.4400024414062,606.4400024414062,34558100,20.5,20.510000228881836,18.3799991607666,18.399999618530273
16,2021-05-25,607.3099975585938,613.989990234375,595.7100219726562,604.6900024414062,604.6900024414062,28005900,18.350000381469727,19.290000915527344,16.8700008392334,18.84000015258789
17,2021-05-26,607.5599975585938,626.1699829101562,601.5,619.1300048828125,619.1300048828125,28639300,18.3700008392334,18.920000076293945,17.350000381469727,17.360000610351562
18,2021-05-27,620.239990234375,631.1300048828125,616.2100219726562,630.8499755859375,630.8499755859375,26370600,18.030000686645508,18.170000076293945,16.520000457763672,16.739999771118164
19,2021-05-28,628.5,635.5900268554688,622.3800048828125,625.219970703125,625.219970703125,22737000,16.799999237060547,16.860000610351562,15.899999618530273,16.760000228881836
20,2021-06-01,627.7999877929688,633.7999877929688,620.5499877929688,623.9000244140625,623.9000244140625,18084900,17.239999771118164,18.530000686645508,15.680000305175781,17.899999618530273
21,2021-06-02,620.1300048828125,623.3599853515625,599.1400146484375,605.1199951171875,605.1199951171875,23302800,17.860000610351562,18.309999465942383,16.739999771118164,17.479999542236328
22,2021-06-03,601.7999877929688,604.5499877929688,571.219970703125,572.8400268554688,572.8400268554688,30111900,17.729999542236328,19.270000457763672,17.450000762939453,18.040000915527344
23,2021-06-04,579.7100219726562,600.6099853515625,577.2000122070312,599.0499877929688,599.0499877929688,24036900,18.09000015258789,18.420000076293945,16.18000030517578,16.420000076293945
24,2021-06-07,591.8300170898438,610.0,582.8800048828125,605.1300048828125,605.1300048828125,22543700,17.34000015258789,17.350000381469727,15.779999732971191,16.420000076293945
25,2021-06-08,623.010009765625,623.0900268554688,595.5,603.5900268554688,603.5900268554688,26053400,16.579999923706055,17.75,15.149999618530273,17.06999969482422
26,2021-06-09,602.1699829101562,611.7899780273438,597.6300048828125,598.780029296875,598.780029296875,16584600,17.18000030517578,17.959999084472656,15.550000190734863,17.889999389648438
27,2021-06-10,603.8800048828125,616.5900268554688,600.5,610.1199951171875,610.1199951171875,23919600,18.18000030517578,18.290000915527344,16.010000228881836,16.100000381469727
28,2021-06-11,610.22998046875,612.5599975585938,601.52001953125,609.8900146484375,609.8900146484375,16205300,16.18000030517578,16.200000762939453,15.149999618530273,15.649999618530273
29,2021-06-14,612.22998046875,625.489990234375,609.1799926757812,617.6900024414062,617.6900024414062,20424000,16.040000915527344,17.040000915527344,15.039999961853027,16.389999389648438
30,2021-06-15,616.6900024414062,616.7899780273438,598.22998046875,599.3599853515625,599.3599853515625,17764100,16.270000457763672,17.350000381469727,16.139999389648438,17.020000457763672
31,2021-06-16,597.5399780273438,608.5,593.5,604.8699951171875,604.8699951171875,22144100,16.989999771118164,19.110000610351562,16.420000076293945,18.149999618530273
32,2021-06-17,601.8900146484375,621.469970703125,601.3400268554688,616.5999755859375,616.5999755859375,22701400,18.489999771118164,19.219999313354492,16.709999084472656,17.75
33,2021-06-18,613.3699951171875,628.3499755859375,611.7999877929688,623.3099975585938,623.3099975585938,24560900,16.959999084472656,21.040000915527344,16.920000076293945,20.700000762939453
34,2021-06-21,624.47998046875,631.3900146484375,608.8800048828125,620.8300170898438,620.8300170898438,24812700,21.739999771118164,21.81999969482422,17.809999465942383,17.889999389648438
35,2021-06-22,618.25,628.5700073242188,615.5,623.7100219726562,623.7100219726562,19158900,17.90999984741211,18.31999969482422,15.760000228881836,16.65999984741211
36,2021-06-23,632.0,657.2000122070312,630.0399780273438,656.5700073242188,656.5700073242188,31099200,16.25,16.84000015258789,14.859999656677246,16.31999969482422
37,2021-06-24,674.989990234375,697.6199951171875,667.6099853515625,679.8200073242188,679.8200073242188,45982400,15.989999771118164,16.049999237060547,14.1899995803833,15.970000267028809
38,2021-06-25,689.5800170898438,693.8099975585938,668.7000122070312,671.8699951171875,671.8699951171875,32496700,16.040000915527344,16.170000076293945,15.210000038146973,15.619999885559082
39,2021-06-28,671.6400146484375,694.7000122070312,670.3200073242188,688.719970703125,688.719970703125,21628200,16.06999969482422,16.459999084472656,15.390000343322754,15.760000228881836
40,2021-06-29,684.6500244140625,687.510009765625,675.8900146484375,680.760009765625,680.760009765625,17381300,15.6899995803833,16.309999465942383,14.100000381469727,16.020000457763672
41,2021-06-30,679.77001953125,692.8099975585938,678.1400146484375,679.7000122070312,679.7000122070312,18924900,16.18000030517578,17.309999465942383,15.579999923706055,15.829999923706055
42,2021-07-01,683.9199829101562,687.989990234375,672.7999877929688,677.9199829101562,677.9199829101562,18634500,15.619999885559082,16.010000228881836,15.3100004196167,15.479999542236328
43,2021-07-02,678.97998046875,700.0,673.260009765625,678.9000244140625,678.9000244140625,27054500,15.529999732971191,15.539999961853027,14.25,15.069999694824219
44,2021-07-06,681.7100219726562,684.0,651.4000244140625,659.5800170898438,659.5800170898438,23284500,15.770000457763672,17.940000534057617,15.729999542236328,16.440000534057617
45,2021-07-07,664.27001953125,665.7000122070312,638.3200073242188,644.6500244140625,644.6500244140625,18792000,16.43000030517578,17.639999389648438,16.079999923706055,16.200000762939453
46,2021-07-08,628.3699951171875,654.4299926757812,620.4600219726562,652.8099975585938,652.8099975585938,22773300,17.739999771118164,21.290000915527344,17.739999771118164,19.0
47,2021-07-09,653.1799926757812,658.9099731445312,644.6900024414062,656.9500122070312,656.9500122070312,18140500,17.8799991607666,18.1299991607666,16.079999923706055,16.18000030517578
48,2021-07-12,662.2000122070312,687.239990234375,662.1599731445312,685.7000122070312,685.7000122070312,25927000,16.850000381469727,17.520000457763672,16.139999389648438,16.170000076293945
49,2021-07-13,686.3200073242188,693.280029296875,666.2999877929688,668.5399780273438,668.5399780273438,20966100,16.389999389648438,17.229999542236328,15.9399995803833,17.1200008392334
50,2021-07-14,670.75,678.6099853515625,652.8400268554688,653.3800048828125,653.3800048828125,21641200,17.34000015258789,17.510000228881836,15.949999809265137,16.329999923706055
51,2021-07-15,658.3900146484375,666.1400146484375,637.8800048828125,650.5999755859375,650.5999755859375,20209600,16.700000762939453,18.09000015258789,16.559999465942383,17.010000228881836
52,2021-07-16,654.6799926757812,656.7000122070312,642.2000122070312,644.219970703125,644.219970703125,16371000,16.799999237060547,18.700000762939453,16.030000686645508,18.450000762939453
53,2021-07-19,629.8900146484375,647.2000122070312,621.2899780273438,646.219970703125,646.219970703125,21297100,19.610000610351562,25.09000015258789,19.270000457763672,22.5
54,2021-07-20,651.989990234375,662.3900146484375,640.5,660.5,660.5,15487100,20.889999389648438,22.969999313354492,19.3700008392334,19.729999542236328
55,2021-07-21,659.6099853515625,664.8599853515625,650.2899780273438,655.2899780273438,655.2899780273438,13953300,19.729999542236328,19.81999969482422,17.809999465942383,17.90999984741211
56,2021-07-22,656.4400024414062,662.1699829101562,644.5999755859375,649.260009765625,649.260009765625,15105700,17.59000015258789,18.450000762939453,17.399999618530273,17.690000534057617
57,2021-07-23,646.3599853515625,648.7999877929688,637.2999877929688,643.3800048828125,643.3800048828125,14604900,16.979999542236328,17.479999542236328,16.329999923706055,17.200000762939453
58,2021-07-26,650.969970703125,668.2000122070312,647.1099853515625,657.6199951171875,657.6199951171875,25336600,18.670000076293945,19.389999389648438,17.530000686645508,17.579999923706055
59,2021-07-27,663.4000244140625,666.5,627.239990234375,644.780029296875,644.780029296875,32813300,18.6200008392334,20.440000534057617,18.25,19.360000610351562
60,2021-07-28,647.0,654.969970703125,639.4000244140625,646.97998046875,646.97998046875,16006600,19.40999984741211,19.6200008392334,17.520000457763672,18.309999465942383
61,2021-07-29,649.7899780273438,683.6900024414062,648.7999877929688,677.3499755859375,677.3499755859375,30394600,17.90999984741211,18.010000228881836,17.190000534057617,17.700000762939453
62,2021-07-30,671.760009765625,697.530029296875,669.0,687.2000122070312,687.2000122070312,29656400,19.690000534057617,19.719999313354492,17.530000686645508,18.239999771118164
63,2021-08-02,700.0,726.9400024414062,698.4000244140625,709.6699829101562,709.6699829101562,33615800,18.15999984741211,19.8700008392334,17.989999771118164,19.459999084472656
64,2021-08-03,719.0,722.6500244140625,701.010009765625,709.739990234375,709.739990234375,21620300,19.170000076293945,20.440000534057617,17.700000762939453,18.040000915527344
65,2021-08-04,711.0,724.9000244140625,708.9299926757812,710.9199829101562,710.9199829101562,17002600,18.229999542236328,18.899999618530273,17.670000076293945,17.969999313354492
66,2021-08-05,716.0,720.9500122070312,711.4099731445312,714.6300048828125,714.6300048828125,12919600,17.729999542236328,17.84000015258789,17.229999542236328,17.280000686645508
67,2021-08-06,711.9000244140625,716.3300170898438,697.6300048828125,699.0999755859375,699.0999755859375,15623000,17.459999084472656,17.5,16.139999389648438,16.149999618530273
68,2021-08-09,710.1699829101562,719.030029296875,705.1300048828125,713.760009765625,713.760009765625,14715300,17.1200008392334,17.389999389648438,16.59000015258789,16.719999313354492
69,2021-08-10,713.989990234375,716.5900268554688,701.8800048828125,709.989990234375,709.989990234375,13432300,16.81999969482422,17.049999237060547,16.34000015258789,16.790000915527344
70,2021-08-11,712.7100219726562,715.1799926757812,704.2100219726562,707.8200073242188,707.8200073242188,9800600,16.809999465942383,17.09000015258789,16.06999969482422,16.170000076293945
71,2021-08-12,706.3400268554688,722.7999877929688,699.4000244140625,722.25,722.25,17459100,16.329999923706055,16.420000076293945,15.489999771118164,15.59000015258789
72,2021-08-13,723.7100219726562,729.9000244140625,714.3400268554688,717.1699829101562,717.1699829101562,16731500,15.680000305175781,15.720000267028809,15.1899995803833,15.449999809265137
73,2021-08-16,705.0700073242188,709.5,676.4000244140625,686.1699829101562,686.1699829101562,22677400,17.049999237060547,17.709999084472656,16.020000457763672,16.1200008392334
74,2021-08-17,672.6599731445312,674.5800170898438,648.8400268554688,665.7100219726562,665.7100219726562,23721300,17.309999465942383,19.559999465942383,16.709999084472656,17.90999984741211
75,2021-08-18,669.75,695.77001953125,669.3499755859375,688.989990234375,688.989990234375,20349400,17.559999465942383,21.639999389648438,17.309999465942383,21.56999969482422
76,2021-08-19,678.2100219726562,686.5499877929688,667.5900268554688,673.469970703125,673.469970703125,14313500,23.1200008392334,24.739999771118164,20.3700008392334,21.670000076293945
77,2021-08-20,682.8499755859375,692.1300048828125,673.7000122070312,680.260009765625,680.260009765625,14841900,22.739999771118164,23.899999618530273,18.18000030517578,18.559999465942383
78,2021-08-23,685.4400024414062,712.1300048828125,680.75,706.2999877929688,706.2999877929688,20264900,18.829999923706055,18.950000762939453,16.950000762939453,17.149999618530273
79,2021-08-24,710.6799926757812,715.219970703125,702.6400146484375,708.489990234375,708.489990234375,13083100,16.959999084472656,17.510000228881836,16.940000534057617,17.219999313354492
80,2021-08-25,707.030029296875,716.969970703125,704.0,711.2000122070312,711.2000122070312,12645600,17.420000076293945,17.5,16.459999084472656,16.790000915527344
81,2021-08-26,708.3099975585938,715.4000244140625,697.6199951171875,701.1599731445312,701.1599731445312,13214300,17.459999084472656,19.270000457763672,17.15999984741211,18.84000015258789
82,2021-08-27,705.0,715.0,702.0999755859375,711.9199829101562,711.9199829101562,13833800,17.950000762939453,18.219999313354492,16.110000610351562,16.389999389648438
83,2021-08-30,714.719970703125,731.0,712.72998046875,730.9099731445312,730.9099731445312,18604200,16.770000457763672,16.799999237060547,15.979999542236328,16.190000534057617
84,2021-08-31,733.0,740.3900146484375,726.4400024414062,735.719970703125,735.719970703125,20855400,15.979999542236328,17.06999969482422,15.90999984741211,16.479999542236328
85,2021-09-01,734.0800170898438,741.989990234375,731.27001953125,734.0900268554688,734.0900268554688,13204300,16.059999465942383,16.709999084472656,15.680000305175781,16.110000610351562
86,2021-09-02,734.5,740.969970703125,730.5399780273438,732.3900146484375,732.3900146484375,12777300,16.270000457763672,16.979999542236328,15.729999542236328,16.40999984741211
87,2021-09-03,732.25,734.0,724.2000122070312,733.5700073242188,733.5700073242188,15246100,16.270000457763672,17.059999465942383,16.079999923706055,16.40999984741211
88,2021-09-07,740.0,760.2000122070312,739.260009765625,752.9199829101562,752.9199829101562,20039800,16.940000534057617,18.389999389648438,16.889999389648438,18.139999389648438
89,2021-09-08,761.5800170898438,764.4500122070312,740.77001953125,753.8699951171875,753.8699951171875,18793000,18.969999313354492,19.639999389648438,17.780000686645508,17.959999084472656
90,2021-09-09,753.4099731445312,762.0999755859375,751.6300048828125,754.8599853515625,754.8599853515625,14077700,19.440000534057617,19.540000915527344,17.170000076293945,18.799999237060547
91,2021-09-10,759.5999755859375,762.6099853515625,734.52001953125,736.27001953125,736.27001953125,15184200,17.940000534057617,21.1299991607666,16.989999771118164,20.950000762939453
92,2021-09-13,740.2100219726562,744.780029296875,708.8499755859375,743.0,743.0,22952500,19.639999389648438,21.18000030517578,18.760000228881836,19.3700008392334
93,2021-09-14,742.5700073242188,754.469970703125,736.4000244140625,744.489990234375,744.489990234375,18524900,19.579999923706055,20.469999313354492,18.389999389648438,19.459999084472656
94,2021-09-15,745.0,756.8599853515625,738.3599853515625,755.8300170898438,755.8300170898438,15357700,19.299999237060547,20.270000457763672,18.010000228881836,18.18000030517578
95,2021-09-16,752.8300170898438,758.9099731445312,747.6099853515625,756.989990234375,756.989990234375,13923400,18.40999984741211,19.760000228881836,17.649999618530273,18.690000534057617
96,2021-09-17,757.1500244140625,761.0399780273438,750.0,759.489990234375,759.489990234375,28204200,18.3700008392334,21.510000228881836,18.350000381469727,20.809999465942383
97,2021-09-20,734.5599975585938,742.0,718.6199951171875,730.1699829101562,730.1699829101562,24757700,24.25,28.790000915527344,23.899999618530273,25.709999084472656
98,2021-09-21,734.7899780273438,744.739990234375,730.4400024414062,739.3800048828125,739.3800048828125,16330700,23.40999984741211,25.600000381469727,21.709999084472656,24.360000610351562
99,2021-09-22,743.530029296875,753.6699829101562,739.1199951171875,751.9400024414062,751.9400024414062,15126300,22.719999313354492,23.399999618530273,20.75,20.8700008392334
100,2021-09-23,755.0,758.2000122070312,747.9199829101562,753.6400146484375,753.6400146484375,11947500,19.90999984741211,20.209999084472656,18.420000076293945,18.6299991607666
101,2021-09-24,745.8900146484375,774.7999877929688,744.5599975585938,774.3900146484375,774.3900146484375,21373000,19.329999923706055,20.40999984741211,17.6299991607666,17.75
102,2021-09-27,773.1199951171875,799.0,769.3099975585938,791.3599853515625,791.3599853515625,28070700,17.780000686645508,19.31999969482422,17.739999771118164,18.760000228881836
103,2021-09-28,787.2000122070312,795.6400146484375,766.1799926757812,777.5599975585938,777.5599975585938,25381400,19.739999771118164,24.81999969482422,19.709999084472656,23.25
104,2021-09-29,779.7999877929688,793.5,770.6799926757812,781.3099975585938,781.3099975585938,20942900,22.06999969482422,23.790000915527344,21.450000762939453,22.559999465942383
105,2021-09-30,781.0,789.1300048828125,775.0,775.47998046875,775.47998046875,17956000,21.479999542236328,24.709999084472656,20.600000381469727,23.139999389648438
106,2021-10-01,778.4000244140625,780.780029296875,763.5900268554688,775.219970703125,775.219970703125,17031400,24.780000686645508,24.889999389648438,20.850000381469727,21.100000381469727
107,2021-10-04,796.5,806.969970703125,776.1199951171875,781.530029296875,781.530029296875,30483300,22.899999618530273,24.579999923706055,21.8799991607666,22.959999084472656
108,2021-10-05,784.7999877929688,797.3099975585938,774.2000122070312,780.5900268554688,780.5900268554688,18432600,22.920000076293945,23.170000076293945,20.6200008392334,21.299999237060547
109,2021-10-06,776.2000122070312,786.6599731445312,773.219970703125,782.75,782.75,14632800,22.950000762939453,24.399999618530273,20.989999771118164,21.0
110,2021-10-07,785.4600219726562,805.0,783.3800048828125,793.6099853515625,793.6099853515625,19195800,20.540000915527344,20.760000228881836,19.06999969482422,19.540000915527344
111,2021-10-08,796.2100219726562,796.3800048828125,780.9099731445312,785.489990234375,785.489990234375,16738600,19.459999084472656,19.940000534057617,18.200000762939453,18.770000457763672
112,2021-10-11,787.6500244140625,801.239990234375,785.5,791.9400024414062,791.9400024414062,14200300,19.93000030517578,20.450000762939453,18.110000610351562,20.0
113,2021-10-12,800.9299926757812,812.3200073242188,796.5700073242188,805.719970703125,805.719970703125,22020000,20.6200008392334,20.809999465942383,18.969999313354492,19.850000381469727
114,2021-10-13,810.469970703125,815.4099731445312,805.780029296875,811.0800170898438,811.0800170898438,14120100,20.139999389648438,20.229999542236328,18.440000534057617,18.639999389648438
115,2021-10-14,815.489990234375,820.25,813.3499755859375,818.3200073242188,818.3200073242188,12247200,18.010000228881836,18.079999923706055,16.799999237060547,16.860000610351562
116,2021-10-15,823.739990234375,843.2100219726562,822.3499755859375,843.030029296875,843.030029296875,18924600,16.639999389648438,16.850000381469727,15.720000267028809,16.299999237060547
117,2021-10-18,851.7899780273438,875.260009765625,851.469970703125,870.1099853515625,870.1099853515625,24207200,17.290000915527344,17.93000030517578,16.270000457763672,16.309999465942383
118,2021-10-19,877.530029296875,877.9500122070312,862.510009765625,864.27001953125,864.27001953125,17381100,16.09000015258789,16.309999465942383,15.569999694824219,15.699999809265137
119,2021-10-20,865.3499755859375,869.489990234375,857.3800048828125,865.7999877929688,865.7999877929688,14032100,15.819999694824219,15.890000343322754,15.289999961853027,15.489999771118164
120,2021-10-21,856.0,900.0,855.5,894.0,894.0,31481500,16.059999465942383,16.110000610351562,14.920000076293945,15.010000228881836
121,2021-10-22,895.5,910.0,890.9600219726562,909.6799926757812,909.6799926757812,22880800,15.350000381469727,16.389999389648438,14.84000015258789,15.430000305175781
122,2021-10-25,950.530029296875,1045.02001953125,944.2000122070312,1024.8599853515625,1024.8599853515625,62852100,16.139999389648438,16.329999923706055,15.100000381469727,15.239999771118164
123,2021-10-26,1024.68994140625,1094.93994140625,1001.4400024414062,1018.4299926757812,1018.4299926757812,62415000,15.020000457763672,16.709999084472656,14.899999618530273,15.979999542236328
124,2021-10-27,1039.6600341796875,1070.8800048828125,1030.780029296875,1037.8599853515625,1037.8599853515625,38526500,15.789999961853027,17.290000915527344,15.539999961853027,16.979999542236328
125,2021-10-28,1068.31005859375,1081.0,1054.199951171875,1077.0400390625,1077.0400390625,27213200,17.059999465942383,17.15999984741211,16.229999542236328,16.530000686645508
126,2021-10-29,1081.8599853515625,1115.2099609375,1073.2099609375,1114.0,1114.0,29918400,17.399999618530273,18.059999465942383,16.1299991607666,16.260000228881836
127,2021-11-01,1145.0,1209.75,1118.6600341796875,1208.5899658203125,1208.5899658203125,56048700,16.850000381469727,17.700000762939453,16.31999969482422,16.40999984741211
128,2021-11-02,1159.3599853515625,1208.5899658203125,1146.0,1172.0,1172.0,42737800,16.540000915527344,16.649999618530273,15.890000343322754,16.030000686645508
129,2021-11-03,1177.3299560546875,1215.3900146484375,1152.6199951171875,1213.8599853515625,1213.8599853515625,34628500,16.110000610351562,16.389999389648438,14.899999618530273,15.100000381469727
130,2021-11-04,1234.4100341796875,1243.489990234375,1217.0,1229.9100341796875,1229.9100341796875,25397400,15.0600004196167,16.139999389648438,14.729999542236328,15.4399995803833
131,2021-11-05,1228.0,1239.8699951171875,1208.0,1222.0899658203125,1222.0899658203125,21628800,15.59000015258789,17.020000457763672,14.949999809265137,16.479999542236328
132,2021-11-08,1149.7900390625,1197.0,1133.0,1162.93994140625,1162.93994140625,33445700,17.229999542236328,17.690000534057617,16.440000534057617,17.219999313354492
133,2021-11-09,1173.5999755859375,1174.5,1011.52001953125,1023.5,1023.5,59105800,17.43000030517578,18.56999969482422,17.209999084472656,17.780000686645508
134,2021-11-10,1010.4099731445312,1078.0999755859375,987.3099975585938,1067.949951171875,1067.949951171875,42802700,17.739999771118164,19.899999618530273,17.219999313354492,18.729999542236328
135,2021-11-11,1102.77001953125,1104.969970703125,1054.6800537109375,1063.510009765625,1063.510009765625,22396600,18.34000015258789,18.389999389648438,17.270000457763672,17.65999984741211
136,2021-11-12,1047.5,1054.5,1019.2000122070312,1033.4200439453125,1033.4200439453125,25573100,17.489999771118164,17.690000534057617,16.149999618530273,16.290000915527344
137,2021-11-15,1017.6300048828125,1031.97998046875,978.5999755859375,1013.3900146484375,1013.3900146484375,34775600,17.030000686645508,17.459999084472656,16.489999771118164,16.489999771118164
138,2021-11-16,1003.3099975585938,1057.199951171875,1002.1799926757812,1054.72998046875,1054.72998046875,26542400,16.860000610351562,17.079999923706055,16.030000686645508,16.3700008392334
139,2021-11-17,1063.510009765625,1119.6400146484375,1055.5,1089.010009765625,1089.010009765625,31445400,16.360000610351562,17.190000534057617,16.280000686645508,17.110000610351562
140,2021-11-18,1106.550048828125,1112.0,1075.02001953125,1096.3800048828125,1096.3800048828125,20898900,16.809999465942383,18.149999618530273,16.3799991607666,17.59000015258789
141,2021-11-19,1098.8699951171875,1138.719970703125,1092.699951171875,1137.06005859375,1137.06005859375,21642300,17.360000610351562,19.010000228881836,17.229999542236328,17.90999984741211
142,2021-11-22,1162.3299560546875,1201.949951171875,1132.4300537109375,1156.8699951171875,1156.8699951171875,33072500,18.200000762939453,19.59000015258789,17.350000381469727,19.170000076293945
143,2021-11-23,1167.510009765625,1180.5,1062.699951171875,1109.030029296875,1109.030029296875,36171700,20.239999771118164,20.90999984741211,19.030000686645508,19.3799991607666
144,2021-11-24,1080.3900146484375,1132.77001953125,1062.0,1116.0,1116.0,22560200,19.170000076293945,20.959999084472656,18.520000457763672,18.579999923706055
145,2021-11-26,1099.469970703125,1108.780029296875,1081.0,1081.9200439453125,1081.9200439453125,11680900,26.6200008392334,28.989999771118164,23.8799991607666,28.6200008392334
146,2021-11-29,1100.989990234375,1142.6700439453125,1100.18994140625,1136.989990234375,1136.989990234375,19464500,25.309999465942383,25.690000534057617,21.709999084472656,22.959999084472656
147,2021-11-30,1144.3699951171875,1168.0,1118.0,1144.760009765625,1144.760009765625,27092000,26.229999542236328,28.559999465942383,23.709999084472656,27.190000534057617
148,2021-12-01,1160.699951171875,1172.8399658203125,1090.760009765625,1095.0,1095.0,22816800,24.920000076293945,32.61000061035156,22.3799991607666,31.1200008392334
149,2021-12-02,1099.06005859375,1113.0,1056.6500244140625,1084.5999755859375,1084.5999755859375,24371600,29.440000534057617,30.68000030517578,27.149999618530273,27.950000762939453
150,2021-12-03,1084.7900390625,1090.5799560546875,1000.2100219726562,1014.969970703125,1014.969970703125,30774000,26.950000762939453,35.31999969482422,25.889999389648438,30.670000076293945
151,2021-12-06,1001.510009765625,1021.6400146484375,950.5,1009.010009765625,1009.010009765625,27221000,28.989999771118164,30.81999969482422,26.75,27.18000030517578
152,2021-12-07,1044.199951171875,1057.6700439453125,1026.81005859375,1051.75,1051.75,18694900,24.579999923706055,24.690000534057617,21.579999923706055,21.889999389648438
153,2021-12-08,1052.7099609375,1072.3800048828125,1033.0,1068.9599609375,1068.9599609375,13968800,21.739999771118164,23.110000610351562,19.850000381469727,19.899999618530273
154,2021-12-09,1060.6400146484375,1062.489990234375,1002.3599853515625,1003.7999877929688,1003.7999877929688,19812800,20.309999465942383,22.1200008392334,19.940000534057617,21.579999923706055
155,2021-12-10,1008.75,1020.97998046875,982.530029296875,1017.030029296875,1017.030029296875,19888100,21.270000457763672,21.299999237060547,18.690000534057617,18.690000534057617
156,2021-12-13,1001.0900268554688,1005.0,951.4199829101562,966.4099731445312,966.4099731445312,26198500,19.290000915527344,21.18000030517578,18.959999084472656,20.309999465942383
157,2021-12-14,945.0,966.4099731445312,930.0,958.510009765625,958.510009765625,23602100,19.670000076293945,23.0,19.670000076293945,21.889999389648438
158,2021-12-15,953.2100219726562,978.75,928.25,975.989990234375,975.989990234375,25056400,21.600000381469727,23.469999313354492,19.020000457763672,19.290000915527344
159,2021-12-16,994.5,994.97998046875,921.8499755859375,926.9199829101562,926.9199829101562,27590500,18.559999465942383,22.1299991607666,18.190000534057617,20.56999969482422
160,2021-12-17,914.77001953125,960.6599731445312,909.0399780273438,932.5700073242188,932.5700073242188,33479100,20.700000762939453,23.260000228881836,20.489999771118164,21.56999969482422
161,2021-12-20,910.7000122070312,921.6900024414062,893.3900146484375,899.9400024414062,899.9400024414062,18826700,25.889999389648438,27.389999389648438,22.850000381469727,22.8700008392334
162,2021-12-21,916.8699951171875,939.5,886.1199951171875,938.530029296875,938.530029296875,23839300,22.280000686645508,22.68000030517578,20.899999618530273,21.010000228881836
163,2021-12-22,965.6599731445312,1015.6599731445312,957.0499877929688,1008.8699951171875,1008.8699951171875,31211400,21.040000915527344,21.360000610351562,18.59000015258789,18.6299991607666
164,2021-12-23,1006.7999877929688,1072.97998046875,997.5599975585938,1067.0,1067.0,30904400,18.809999465942383,18.93000030517578,17.6200008392334,17.959999084472656
165,2021-12-27,1073.6700439453125,1117.0,1070.719970703125,1093.93994140625,1093.93994140625,23715300,19.3700008392334,19.40999984741211,17.549999237060547,17.68000030517578
166,2021-12-28,1109.489990234375,1119.0,1078.4200439453125,1088.469970703125,1088.469970703125,20108000,17.780000686645508,18.469999313354492,17.510000228881836,17.540000915527344
167,2021-12-29,1098.6400146484375,1104.0,1064.1400146484375,1086.18994140625,1086.18994140625,18718000,17.6299991607666,18.0,16.709999084472656,16.950000762939453
168,2021-12-30,1061.3299560546875,1095.550048828125,1053.1500244140625,1070.3399658203125,1070.3399658203125,15680300,17.299999237060547,17.790000915527344,16.6200008392334,17.329999923706055
169,2021-12-31,1073.43994140625,1082.0,1054.5899658203125,1056.780029296875,1056.780029296875,13577900,17.6299991607666,18.270000457763672,16.989999771118164,17.219999313354492
170,2022-01-03,1147.75,1201.0699462890625,1136.0400390625,1199.780029296875,1199.780029296875,34643800,17.600000381469727,18.540000915527344,16.559999465942383,16.600000381469727
171,2022-01-04,1189.550048828125,1208.0,1123.050048828125,1149.5899658203125,1149.5899658203125,33416100,16.56999969482422,17.809999465942383,16.34000015258789,16.90999984741211
172,2022-01-05,1146.6500244140625,1170.3399658203125,1081.010009765625,1088.1199951171875,1088.1199951171875,26706600,17.06999969482422,20.170000076293945,16.579999923706055,19.729999542236328
173,2022-01-06,1077.0,1088.0,1020.5,1064.699951171875,1064.699951171875,30112200,20.290000915527344,21.059999465942383,19.079999923706055,19.610000610351562
174,2022-01-07,1080.3699951171875,1080.9300537109375,1010.0,1026.9599609375,1026.9599609375,28054900,19.850000381469727,20.799999237060547,18.56999969482422,18.760000228881836
175,2022-01-10,1000.0,1059.0999755859375,980.0,1058.1199951171875,1058.1199951171875,30605000,19.579999923706055,23.329999923706055,19.290000915527344,19.399999618530273
176,2022-01-11,1053.6700439453125,1075.8499755859375,1038.8199462890625,1064.4000244140625,1064.4000244140625,22021100,19.6200008392334,21.0,18.200000762939453,18.40999984741211
177,2022-01-12,1078.8499755859375,1114.8399658203125,1072.5899658203125,1106.219970703125,1106.219970703125,27913000,18.170000076293945,18.690000534057617,17.360000610351562,17.6200008392334
178,2022-01-13,1109.0699462890625,1115.5999755859375,1026.5400390625,1031.56005859375,1031.56005859375,32403300,18.059999465942383,20.610000610351562,17.450000762939453,20.309999465942383
179,2022-01-14,1019.8800048828125,1052.0,1013.3800048828125,1049.6099853515625,1049.6099853515625,24308100,20.110000610351562,22.06999969482422,19.049999237060547,19.190000534057617
180,2022-01-18,1026.6099853515625,1070.7900390625,1016.0599975585938,1030.510009765625,1030.510009765625,22247800,21.18000030517578,23.200000762939453,21.18000030517578,22.790000915527344
181,2022-01-19,1041.7099609375,1054.6700439453125,995.0,995.6500244140625,995.6500244140625,25147500,23.1200008392334,23.989999771118164,21.850000381469727,23.850000381469727
182,2022-01-20,1009.72998046875,1041.6600341796875,994.0,996.27001953125,996.27001953125,23496200,23.459999084472656,25.889999389648438,21.68000030517578,25.59000015258789
183,2022-01-21,996.3400268554688,1004.5499877929688,940.5,943.9000244140625,943.9000244140625,34472000,25.3799991607666,29.790000915527344,25.309999465942383,28.850000381469727
184,2022-01-24,904.760009765625,933.510009765625,851.469970703125,930.0,930.0,50521900,28.200000762939453,38.939998626708984,28.020000457763672,29.899999618530273
185,2022-01-25,914.2000122070312,951.260009765625,903.2100219726562,918.4000244140625,918.4000244140625,28865300,32.290000915527344,35.849998474121094,29.1299991607666,31.15999984741211
186,2022-01-26,952.4299926757812,987.6900024414062,906.0,937.4099731445312,937.4099731445312,34955800,29.350000381469727,33.040000915527344,26.899999618530273,31.959999084472656
187,2022-01-27,933.3599853515625,935.3900146484375,829.0,829.0999755859375,829.0999755859375,49036500,32.189998626708984,33.0,28.420000076293945,30.489999771118164
188,2022-01-28,831.5599975585938,857.5,792.010009765625,846.3499755859375,846.3499755859375,44929700,30.270000457763672,32.81999969482422,27.280000686645508,27.65999984741211
189,2022-01-31,872.7100219726562,937.989990234375,862.0499877929688,936.719970703125,936.719970703125,34812000,28.360000610351562,29.40999984741211,24.709999084472656,24.829999923706055
190,2022-02-01,935.2100219726562,943.7000122070312,905.0,931.25,931.25,24379400,24.56999969482422,25.329999923706055,21.959999084472656,21.959999084472656
191,2022-02-02,928.1799926757812,931.5,889.4099731445312,905.6599731445312,905.6599731445312,22264300,21.559999465942383,22.729999542236328,20.459999084472656,22.09000015258789
192,2022-02-03,882.0,937.0,880.52001953125,891.1400146484375,891.1400146484375,26285200,22.6299991607666,25.809999465942383,22.299999237060547,24.350000381469727
193,2022-02-04,897.219970703125,936.5,881.1699829101562,923.3200073242188,923.3200073242188,24541800,23.770000457763672,26.260000228881836,22.06999969482422,23.219999313354492
194,2022-02-07,923.7899780273438,947.77001953125,902.7100219726562,907.3400268554688,907.3400268554688,20331500,24.09000015258789,24.81999969482422,22.020000457763672,22.860000610351562
195,2022-02-08,905.530029296875,926.2899780273438,894.7999877929688,922.0,922.0,16909700,23.09000015258789,23.479999542236328,21.31999969482422,21.440000534057617
196,2022-02-09,935.0,946.27001953125,920.0,932.0,932.0,17419800,21.270000457763672,21.299999237060547,19.93000030517578,19.959999084472656
197,2022-02-10,908.3699951171875,943.8099975585938,896.7000122070312,904.5499877929688,904.5499877929688,22042300,20.3700008392334,24.770000457763672,20.18000030517578,23.90999984741211
198,2022-02-11,909.6300048828125,915.9600219726562,850.7000122070312,860.0,860.0,26548600,24.389999389648438,30.989999771118164,23.329999923706055,27.360000610351562
199,2022-02-14,861.5700073242188,898.8800048828125,853.1500244140625,875.760009765625,875.760009765625,22585500,29.170000076293945,32.040000915527344,28.329999923706055,28.329999923706055
200,2022-02-15,900.0,923.0,893.3800048828125,922.4299926757812,922.4299926757812,19095400,28.09000015258789,28.09000015258789,25.329999923706055,25.700000762939453
201,2022-02-16,914.0499877929688,926.4299926757812,901.2100219726562,923.3900146484375,923.3900146484375,17098100,25.190000534057617,27.09000015258789,23.8799991607666,24.290000915527344
202,2022-02-17,913.260009765625,918.5,874.0999755859375,876.3499755859375,876.3499755859375,18392800,24.829999923706055,28.3700008392334,24.760000228881836,28.110000610351562
203,2022-02-18,886.0,886.8699951171875,837.6099853515625,856.97998046875,856.97998046875,22833900,26.65999984741211,29.709999084472656,26.3799991607666,27.75
204,2022-02-22,834.1300048828125,856.72998046875,801.0999755859375,821.530029296875,821.530029296875,27762700,31.799999237060547,32.040000915527344,28.399999618530273,28.809999465942383
205,2022-02-23,830.4299926757812,835.2999877929688,760.5599975585938,764.0399780273438,764.0399780273438,31752300,28.040000915527344,31.06999969482422,27.200000762939453,31.020000457763672
206,2022-02-24,700.3900146484375,802.47998046875,700.0,800.77001953125,800.77001953125,45107400,37.5,37.790000915527344,29.450000762939453,30.31999969482422
207,2022-02-25,809.22998046875,819.5,782.4000244140625,809.8699951171875,809.8699951171875,25355900,31.68000030517578,32.0,26.93000030517578,27.59000015258789
208,2022-02-28,815.010009765625,876.8599853515625,814.7100219726562,870.4299926757812,870.4299926757812,33002300,32.439998626708984,33.5099983215332,28.43000030517578,30.149999618530273
209,2022-03-01,869.6799926757812,889.8800048828125,853.780029296875,864.3699951171875,864.3699951171875,24922300,29.450000762939453,35.189998626708984,29.440000534057617,33.31999969482422
210,2022-03-02,872.1300048828125,886.47998046875,844.27001953125,879.8900146484375,879.8900146484375,24881100,34.20000076293945,34.40999984741211,30.1200008392334,30.739999771118164
211,2022-03-03,878.77001953125,886.4400024414062,832.5999755859375,839.2899780273438,839.2899780273438,20541200,30.520000457763672,32.0099983215332,29.309999465942383,30.479999542236328
212,2022-03-04,849.0999755859375,855.6500244140625,825.1599731445312,838.2899780273438,838.2899780273438,22333200,31.899999618530273,34.650001525878906,31.469999313354492,31.979999542236328
213,2022-03-07,856.2999877929688,866.1400146484375,804.5700073242188,804.5800170898438,804.5800170898438,24164700,35.880001068115234,36.54999923706055,32.59000015258789,36.45000076293945
214,2022-03-08,795.530029296875,849.989990234375,782.1699829101562,824.4000244140625,824.4000244140625,26799700,36.189998626708984,37.52000045776367,32.779998779296875,35.130001068115234
215,2022-03-09,839.47998046875,860.5599975585938,832.010009765625,858.969970703125,858.969970703125,19728000,33.7400016784668,34.119998931884766,31.389999389648438,32.45000076293945
216,2022-03-10,851.4500122070312,854.4500122070312,810.3599853515625,838.2999877929688,838.2999877929688,19549500,33.029998779296875,34.029998779296875,30.229999542236328,30.229999542236328
217,2022-03-11,840.2000122070312,843.7999877929688,793.77001953125,795.3499755859375,795.3499755859375,22345700,30.43000030517578,31.040000915527344,28.84000015258789,30.75
218,2022-03-14,780.6099853515625,800.7000122070312,756.0399780273438,766.3699951171875,766.3699951171875,23717400,31.030000686645508,33.18000030517578,30.059999465942383,31.770000457763672
219,2022-03-15,775.27001953125,805.5700073242188,756.5700073242188,801.8900146484375,801.8900146484375,22280400,33.130001068115234,33.83000183105469,29.56999969482422,29.829999923706055
220,2022-03-16,809.0,842.0,802.260009765625,840.22998046875,840.22998046875,28009600,29.020000457763672,29.799999237060547,26.290000915527344,26.670000076293945
221,2022-03-17,830.989990234375,875.0,825.719970703125,871.5999755859375,871.5999755859375,22194300,26.510000228881836,27.469999313354492,25.25,25.670000076293945
222,2022-03-18,874.489990234375,907.8499755859375,867.3900146484375,905.3900146484375,905.3900146484375,33471400,26.360000610351562,26.81999969482422,23.850000381469727,23.8700008392334
223,2022-03-21,914.97998046875,942.8499755859375,907.0900268554688,921.1599731445312,921.1599731445312,27327200,25.139999389648438,25.360000610351562,22.989999771118164,23.530000686645508
224,2022-03-22,930.0,997.8599853515625,921.75,993.97998046875,993.97998046875,35289500,24.020000457763672,24.020000457763672,22.700000762939453,22.940000534057617
225,2022-03-23,979.9400024414062,1040.699951171875,976.4000244140625,999.1099853515625,999.1099853515625,40225400,23.040000915527344,24.030000686645508,22.639999389648438,23.56999969482422
226,2022-03-24,1009.72998046875,1024.489990234375,988.7999877929688,1013.9199829101562,1013.9199829101562,22973600,23.610000610351562,23.790000915527344,21.489999771118164,21.670000076293945
227,2022-03-25,1008.0,1021.7999877929688,997.3200073242188,1010.6400146484375,1010.6400146484375,20677200,21.8700008392334,22.860000610351562,20.799999237060547,20.809999465942383
228,2022-03-28,1065.0999755859375,1097.8800048828125,1053.5999755859375,1091.8399658203125,1091.8399658203125,34168700,22.139999389648438,23.329999923706055,19.540000915527344,19.6299991607666
229,2022-03-29,1107.989990234375,1114.77001953125,1073.1099853515625,1099.5699462890625,1099.5699462890625,24538300,19.700000762939453,19.729999542236328,18.670000076293945,18.899999618530273
230,2022-03-30,1091.1700439453125,1113.949951171875,1084.0,1093.989990234375,1093.989990234375,19955000,19.3799991607666,20.510000228881836,18.719999313354492,19.329999923706055
231,2022-03-31,1094.5699462890625,1103.1400146484375,1076.6400146484375,1077.5999755859375,1077.5999755859375,16330900,19.68000030517578,21.479999542236328,19.540000915527344,20.559999465942383
232,2022-04-01,1081.1500244140625,1094.75,1066.6400146484375,1084.5899658203125,1084.5899658203125,18087700,20.6200008392334,20.860000610351562,19.40999984741211,19.6299991607666
233,2022-04-04,1089.3800048828125,1149.9100341796875,1072.530029296875,1145.449951171875,1145.449951171875,27345300,20.75,20.780000686645508,18.450000762939453,18.56999969482422
234,2022-04-05,1136.300048828125,1152.8699951171875,1087.300048828125,1091.260009765625,1091.260009765625,26691700,18.790000915527344,21.56999969482422,18.549999237060547,21.030000686645508
235,2022-04-06,1073.469970703125,1079.0,1027.699951171875,1045.760009765625,1045.760009765625,29782800,21.270000457763672,24.780000686645508,21.239999771118164,22.100000381469727
236,2022-04-07,1052.3900146484375,1076.5899658203125,1021.5399780273438,1057.260009765625,1057.260009765625,26482400,21.969999313354492,23.81999969482422,21.1200008392334,21.549999237060547
237,2022-04-08,1043.2099609375,1048.43994140625,1022.4400024414062,1025.489990234375,1025.489990234375,18337900,21.25,22.34000015258789,20.280000686645508,21.15999984741211
238,2022-04-11,980.4000244140625,1008.469970703125,974.6400146484375,975.9299926757812,975.9299926757812,19785700,23.09000015258789,24.420000076293945,22.09000015258789,24.3700008392334
239,2022-04-12,997.6400146484375,1021.1900024414062,976.5999755859375,986.9500122070312,986.9500122070312,21992000,24.940000534057617,25.3799991607666,22.270000457763672,24.260000228881836
240,2022-04-13,981.0800170898438,1026.239990234375,973.0999755859375,1022.3699951171875,1022.3699951171875,18373700,23.520000457763672,24.450000762939453,21.3700008392334,21.81999969482422
241,2022-04-14,999.2899780273438,1012.7100219726562,982.1900024414062,985.0,985.0,19474100,21.719999313354492,22.700000762939453,20.850000381469727,22.700000762939453
242,2022-04-18,989.030029296875,1014.9199829101562,973.4099731445312,1004.2899780273438,1004.2899780273438,17238400,24.520000457763672,24.600000381469727,21.979999542236328,22.170000076293945
243,2022-04-19,1005.0599975585938,1034.93994140625,995.3300170898438,1028.1500244140625,1028.1500244140625,16615900,22.549999237060547,22.920000076293945,20.360000610351562,21.3700008392334
244,2022-04-20,1030.0,1034.0,975.25,977.2000122070312,977.2000122070312,23570400,21.1299991607666,21.31999969482422,19.75,20.31999969482422
245,2022-04-21,1074.72998046875,1092.219970703125,996.4199829101562,1008.780029296875,1008.780029296875,35138800,20.239999771118164,23.280000686645508,19.809999465942383,22.68000030517578
246,2022-04-22,1014.9099731445312,1034.8499755859375,994.0,1005.0499877929688,1005.0499877929688,23232200,22.709999084472656,28.270000457763672,22.6200008392334,28.209999084472656
247,2022-04-25,978.969970703125,1008.6199951171875,975.2999877929688,998.02001953125,998.02001953125,22780400,30.040000915527344,31.600000381469727,26.799999237060547,27.020000457763672
248,2022-04-26,995.4299926757812,1000.0,875.0,876.4199829101562,876.4199829101562,45377900,27.3799991607666,33.810001373291016,27.059999465942383,33.52000045776367
249,2022-04-27,898.5800170898438,918.0,877.3599853515625,881.510009765625,881.510009765625,25652100,31.110000610351562,32.77000045776367,29.81999969482422,31.600000381469727
250,2022-04-28,899.97998046875,900.0,821.7000122070312,877.510009765625,877.510009765625,41649500,29.90999984741211,32.0,28.0,29.989999771118164
251,2022-04-29,902.25,934.4000244140625,870.0,870.760009765625,870.760009765625,29377700,28.969999313354492,34.34000015258789,28.540000915527344,33.400001525878906
252,2022-05-02,860.77001953125,906.3599853515625,848.030029296875,902.9400024414062,902.9400024414062,25260500,33.349998474121094,36.63999938964844,31.739999771118164,32.34000015258789
253,2022-05-03,903.1799926757812,924.0800170898438,888.5900268554688,909.25,909.25,21236500,31.760000228881836,32.81999969482422,29.059999465942383,29.25
254,2022-05-04,903.9400024414062,955.5,885.280029296875,952.6199951171875,952.6199951171875,27214600,29.1200008392334,29.420000076293945,24.940000534057617,25.420000076293945
255,2022-05-05,939.02001953125,945.5999755859375,857.7000122070312,873.280029296875,873.280029296875,30839700,25.969999313354492,33.20000076293945,25.780000686645508,31.200000762939453
256,2022-05-06,887.0,888.0,843.1099853515625,865.6500244140625,865.6500244140625,24301000,32.22999954223633,35.34000015258789,29.829999923706055,30.190000534057617
257,2022-05-09,836.4500122070312,845.6300048828125,781.1500244140625,787.1099853515625,787.1099853515625,30270100,31.899999618530273,35.47999954223633,31.899999618530273,34.75
258,2022-05-10,819.3099975585938,825.3599853515625,774.25,800.0399780273438,800.0399780273438,28133900,33.65999984741211,34.84000015258789,32.2400016784668,32.9900016784668
259,2022-05-11,795.0,809.77001953125,727.2000122070312,734.0,734.0,32408200,32.869998931884766,34.38999938964844,30.690000534057617,32.560001373291016
260,2022-05-12,701.0,759.6599731445312,680.0,728.0,728.0,46771000,33.7400016784668,34.7599983215332,31.700000762939453,31.770000457763672
261,2022-05-13,773.47998046875,787.3499755859375,751.5700073242188,769.5900268554688,769.5900268554688,30716900,31.09000015258789,31.200000762939453,28.780000686645508,28.8700008392334
262,2022-05-16,767.1599731445312,769.760009765625,719.0900268554688,724.3699951171875,724.3699951171875,28699500,30.010000228881836,30.229999542236328,27.360000610351562,27.469999313354492
263,2022-05-17,747.3599853515625,764.47998046875,728.8499755859375,761.6099853515625,761.6099853515625,26745400,27.06999969482422,27.170000076293945,25.510000228881836,26.100000381469727
264,2022-05-18,744.52001953125,760.5,700.8099975585938,709.8099975585938,709.8099975585938,29270600,26.739999771118164,31.489999771118164,26.209999084472656,30.959999084472656
265,2022-05-19,707.0,734.0,694.1099853515625,709.4199829101562,709.4199829101562,30098900,31.239999771118164,33.11000061035156,29.059999465942383,29.350000381469727
266,2022-05-20,713.989990234375,721.5800170898438,633.0,663.9000244140625,663.9000244140625,48324400,28.780000686645508,32.90999984741211,28.059999465942383,29.43000030517578
267,2022-05-23,655.02001953125,679.9600219726562,638.0599975585938,674.9000244140625,674.9000244140625,29634500,28.979999542236328,30.389999389648438,28.290000915527344,28.479999542236328
268,2022-05-24,653.530029296875,653.9199829101562,620.5700073242188,628.1599731445312,628.1599731445312,29697500,29.43000030517578,31.06999969482422,29.040000915527344,29.450000762939453
269,2022-05-25,623.8499755859375,669.3200073242188,623.010009765625,658.7999877929688,658.7999877929688,30713100,29.329999923706055,30.229999542236328,28.15999984741211,28.3700008392334
270,2022-05-26,661.4199829101562,718.6699829101562,653.6599731445312,707.72998046875,707.72998046875,35334400,28.420000076293945,28.459999084472656,27.110000610351562,27.5
271,2022-05-27,723.25,759.7999877929688,720.530029296875,759.6300048828125,759.6300048828125,29765000,27.5,27.540000915527344,25.56999969482422,25.719999313354492
272,2022-05-31,773.8400268554688,778.7999877929688,734.22998046875,758.260009765625,758.260009765625,33971500,27.469999313354492,28.350000381469727,25.940000534057617,26.190000534057617
273,2022-06-01,755.1599731445312,771.97998046875,730.9199829101562,740.3699951171875,740.3699951171875,25749300,26.049999237060547,27.729999542236328,25.3799991607666,25.690000534057617
274,2022-06-02,732.469970703125,792.6300048828125,726.2000122070312,775.0,775.0,31157700,25.729999542236328,26.5,24.329999923706055,24.719999313354492
275,2022-06-03,729.6799926757812,743.3900146484375,700.25,703.5499877929688,703.5499877929688,37348100,24.90999984741211,25.959999084472656,24.760000228881836,24.790000915527344
276,2022-06-06,733.0599975585938,734.5999755859375,703.0499877929688,714.8400268554688,714.8400268554688,28068200,25.3700008392334,25.809999465942383,24.81999969482422,25.06999969482422
277,2022-06-07,702.0,719.989990234375,690.280029296875,716.6599731445312,716.6599731445312,24269500,25.540000915527344,26.239999771118164,23.8799991607666,24.020000457763672
278,2022-06-08,720.260009765625,749.8900146484375,717.530029296875,725.5999755859375,725.5999755859375,25403500,24.3700008392334,24.780000686645508,23.739999771118164,23.959999084472656
279,2022-06-09,748.02001953125,766.6400146484375,717.97998046875,719.1199951171875,719.1199951171875,32163800,24.290000915527344,26.239999771118164,23.81999969482422,26.09000015258789
280,2022-06-10,705.469970703125,718.5,683.739990234375,696.6900024414062,696.6900024414062,32512200,26.260000228881836,29.6299991607666,26.049999237060547,27.75
281,2022-06-13,669.5,679.9000244140625,644.0499877929688,647.2100219726562,647.2100219726562,34255800,31.3700008392334,35.04999923706055,31.290000915527344,34.02000045776367
282,2022-06-14,654.8599853515625,678.989990234375,635.2100219726562,662.6699829101562,662.6699829101562,32662900,33.0099983215332,34.0,32.060001373291016,32.689998626708984
283,2022-06-15,662.75,706.989990234375,654.4500122070312,699.0,699.0,39710600,32.38999938964844,32.77000045776367,27.760000228881836,29.6200008392334
284,2022-06-16,668.2100219726562,675.5,626.0800170898438,639.2999877929688,639.2999877929688,35796900,30.350000381469727,34.81999969482422,30.350000381469727,32.95000076293945
285,2022-06-17,640.2999877929688,662.9099731445312,639.5900268554688,650.280029296875,650.280029296875,30810900,32.84000015258789,33.310001373291016,30.469999313354492,31.1299991607666
286,2022-06-21,673.8099975585938,730.72998046875,673.0,711.1099853515625,711.1099853515625,40931000,30.6299991607666,30.649999618530273,29.329999923706055,30.190000534057617
287,2022-06-22,703.510009765625,740.5,701.47998046875,708.260009765625,708.260009765625,33702500,31.450000762939453,31.56999969482422,28.780000686645508,28.950000762939453
288,2022-06-23,713.719970703125,717.9500122070312,685.9099731445312,705.2100219726562,705.2100219726562,34734200,29.290000915527344,29.770000457763672,28.739999771118164,29.049999237060547
289,2022-06-24,712.4099731445312,738.2000122070312,708.260009765625,737.1199951171875,737.1199951171875,31866500,29.06999969482422,29.719999313354492,26.829999923706055,27.229999542236328
290,2022-06-27,748.0999755859375,756.2100219726562,727.7000122070312,734.760009765625,734.760009765625,29726100,28.299999237060547,28.65999984741211,26.93000030517578,26.950000762939453
291,2022-06-28,733.4500122070312,749.9099731445312,697.030029296875,697.989990234375,697.989990234375,30130400,26.899999618530273,28.68000030517578,26.469999313354492,28.360000610351562
292,2022-06-29,691.5,693.52001953125,666.8200073242188,685.469970703125,685.469970703125,27632400,28.799999237060547,29.360000610351562,27.850000381469727,28.15999984741211
293,2022-06-30,673.530029296875,688.3699951171875,656.5900268554688,673.4199829101562,673.4199829101562,31533500,29.420000076293945,30.219999313354492,28.280000686645508,28.709999084472656
294,2022-07-01,681.0,690.6900024414062,666.3599853515625,681.7899780273438,681.7899780273438,24781500,29.530000686645508,29.59000015258789,26.690000534057617,26.700000762939453
295,2022-07-05,669.0,699.4400024414062,648.5,699.2000122070312,699.2000122070312,28193700,27.3700008392334,29.81999969482422,27.299999237060547,27.540000915527344
296,2022-07-06,692.3400268554688,703.6900024414062,681.5599975585938,695.2000122070312,695.2000122070312,23951200,27.84000015258789,28.06999969482422,26.43000030517578,26.729999542236328
297,2022-07-07,701.760009765625,736.0900268554688,696.6300048828125,733.6300048828125,733.6300048828125,27310200,26.729999542236328,26.790000915527344,25.65999984741211,26.079999923706055
298,2022-07-08,727.0,764.9400024414062,723.47998046875,752.2899780273438,752.2899780273438,33343700,26.40999984741211,26.610000610351562,24.43000030517578,24.639999389648438
299,2022-07-11,756.3099975585938,759.1900024414062,700.8800048828125,703.030029296875,703.030029296875,33080400,26.420000076293945,26.739999771118164,25.790000915527344,26.170000076293945
300,2022-07-12,710.5399780273438,719.3200073242188,685.1099853515625,699.2100219726562,699.2100219726562,29310300,27.139999389648438,27.75,25.81999969482422,27.290000915527344
301,2022-07-13,676.5,726.1799926757812,675.0999755859375,711.1199951171875,711.1199951171875,32651500,27.350000381469727,29.059999465942383,26.229999542236328,26.81999969482422
302,2022-07-14,704.6900024414062,715.9600219726562,688.0,714.9400024414062,714.9400024414062,26185800,27.469999313354492,28.450000762939453,26.200000762939453,26.399999618530273
303,2022-07-15,720.0,730.8699951171875,710.6699829101562,720.2000122070312,720.2000122070312,23165500,26.719999313354492,26.719999313354492,24.1299991607666,24.229999542236328
304,2022-07-18,734.8099975585938,751.5499877929688,718.8099975585938,721.6400146484375,721.6400146484375,27512500,24.829999923706055,25.90999984741211,24.3799991607666,25.299999237060547
305,2022-07-19,735.0,741.4199829101562,710.9299926757812,736.5900268554688,736.5900268554688,26963400,25.1200008392334,25.40999984741211,24.229999542236328,24.5
306,2022-07-20,740.3499755859375,751.989990234375,730.4500122070312,742.5,742.5,29621400,24.229999542236328,24.729999542236328,23.399999618530273,23.8799991607666
307,2022-07-21,765.3200073242188,819.7999877929688,764.5999755859375,815.1199951171875,815.1199951171875,47344100,24.06999969482422,24.670000076293945,22.920000076293945,23.110000610351562
308,2022-07-22,828.6599731445312,842.3599853515625,812.1400146484375,816.72998046875,816.72998046875,34421200,23.299999237060547,23.809999465942383,22.40999984741211,23.030000686645508
309,2022-07-25,816.6500244140625,822.4400024414062,802.2000122070312,805.2999877929688,805.2999877929688,21357800,24.329999923706055,24.56999969482422,23.190000534057617,23.360000610351562
310,2022-07-26,799.5399780273438,801.9299926757812,768.7899780273438,776.5800170898438,776.5800170898438,22273600,23.950000762939453,25.309999465942383,23.81999969482422,24.690000534057617
311,2022-07-27,791.4299926757812,827.780029296875,785.3699951171875,824.4600219726562,824.4600219726562,29370000,24.270000457763672,24.40999984741211,23.020000457763672,23.239999771118164
312,2022-07-28,840.2000122070312,849.9000244140625,818.4000244140625,842.7000122070312,842.7000122070312,28132700,23.329999923706055,23.540000915527344,22.219999313354492,22.329999923706055
